Year,nitrogen_Average
1989,0.898871429
1990,0.770300429
1991,0.735182609
1992,0.534113208
1993,0.748483019
1994,0.9156171
1995,0.753450216
1996,1.30225641
1997,0.63071223
1998,0.787758768
1999,0.688777707
2000,0.85867561
2001,0.764451701
2002,0.6584
2003,1.106970139
2004,1.008676389
2005,0.960018868
2006,0.909256831
2007,0.849276879
2008,0.739601156
2009,0.701308966
2010,0.900794595
2011,0.86187874
2012,0.781181746
2013,0.768184615
2014,0.813417323
2015,0.794972727
