Year,ph_Average
1989,7.945985401
1990,7.879375
1991,7.860736196
1992,7.963354037
1993,8.093506494
1994,8.000609756
1995,7.909032258
1996,7.955474453
1997,7.896129032
1998,8.158278146
1999,7.852747253
2000,7.923157895
2001,7.986666667
2002,7.883333333
2003,8.156122449
2004,7.95
2005,8.016494845
2006,8.146710526
2007,8.085
2008,7.948125
2009,8.049484536
2010,8.05875
2011,8.151
2012,7.883505155
2013,8.234020619
2014,7.983505155
2015,7.934567901
