Year,salinity_Average
1989,12.17138686
1990,11.6135625
1991,12.61312883
1992,14.94111801
1993,11.7187013
1994,10.72780488
1995,14.5536129
1996,9.797372263
1997,11.18303226
1998,11.06410596
1999,14.60615385
2000,12.85610526
2001,14.66844444
2002,15.71541667
2003,12.11367347
2004,10.0831
2005,11.01721649
2006,12.20171053
2007,12.44861842
2008,12.50175
2009,14.32164948
2010,12.114875
2011,11.0394
2012,10.5185567
2013,12.86896907
2014,12.43303371
2015,13.21333333
